channeltype,category,keyword
传统渠道,食杂店,食杂
传统渠道,食杂店,副食
传统渠道,食杂店,食品
传统渠道,粮油店,粮油
传统渠道,粮油店,粮店
传统渠道,粮油店,大米
传统渠道,粮油店,米业
传统渠道,粮油店,米行
传统渠道,粮油店,米店
传统渠道,粮油店,五谷
传统渠道,粮油店,农家米
传统渠道,粮油店,调味料
传统渠道,粮油店,花生油
传统渠道,粮油店,大豆油
传统渠道,粮油店,植物油
传统渠道,粮油店,玉米油
传统渠道,粮油店,压榨油
传统渠道,粮油店,面粉
传统渠道,粮油店,面条
传统渠道,粮油店,酱料
传统渠道,粮油店,调味酱
传统渠道,粮油店,黄豆酱
传统渠道,粮油店,花生酱
传统渠道,粮油店,食用油
传统渠道,粮油店,香油
传统渠道,粮油店,酱油
传统渠道,粮油店,调料
传统渠道,粮油店,食油
传统渠道,粮油店,调味品
传统渠道,粮油店,辣椒酱
传统渠道,粮油店,豆瓣酱
传统渠道,粮油店,蚝油
传统渠道,粮油店,老抽
传统渠道,粮油店,生抽
传统渠道,粮油店,鱼露
传统渠道,粮油店,料酒
传统渠道,粮油店,食醋
传统渠道,粮油店,味精
传统渠道,粮油店,鸡精
传统渠道,粮油店,食盐
传统渠道,粮油店,胡椒粉
传统渠道,粮油店,芝麻油
传统渠道,粮油店,花椒油
传统渠道,粮油店,沙茶酱
传统渠道,粮油店,沙拉酱
传统渠道,粮油店,芝麻酱
传统渠道,粮油店,番茄酱
传统渠道,粮油店,甜面酱
传统渠道,粮油店,食品添加剂
传统渠道,零食店,零食
传统渠道,零食店,坚果
传统渠道,零食店,糖果
传统渠道,零食店,糖巧
传统渠道,零食店,巧克力
传统渠道,零食店,饼干
传统渠道,零食店,花生
传统渠道,零食店,瓜子
传统渠道,零食店,果壳
传统渠道,零食店,果冻
传统渠道,零食店,布丁
传统渠道,零食店,手指饼
传统渠道,零食店,爆米花
传统渠道,零食店,腰果
传统渠道,零食店,榛子
传统渠道,零食店,巴旦木
传统渠道,零食店,碧根果
传统渠道,零食店,夏威夷果
传统渠道,零食店,开心果
传统渠道,零食店,杏仁
传统渠道,零食店,松子
传统渠道,零食店,南瓜子
传统渠道,零食店,青豆
传统渠道,零食店,锅巴
传统渠道,零食店,炒米
传统渠道,零食店,棒棒糖
传统渠道,零食店,棉花糖
传统渠道,零食店,牛轧糖
传统渠道,零食店,麦丽素
传统渠道,零食店,雪花酥
传统渠道,零食店,跳跳糖
传统渠道,零食店,水果硬糖
传统渠道,零食店,口香糖
传统渠道,零食店,泡泡糖
传统渠道,零食店,软糖
传统渠道,零食店,薄荷糖
传统渠道,零食店,润喉糖
传统渠道,零食店,奶片
传统渠道,零食店,辣条
传统渠道,零食店,膨化食品
传统渠道,零食店,薯片
传统渠道,零食店,无花果干
传统渠道,零食店,话梅
传统渠道,零食店,蜜枣
传统渠道,零食店,山楂片
传统渠道,零食店,芒果干
传统渠道,零食店,肉干肉铺
传统渠道,零食店,牛肉干
传统渠道,零食店,猪肉铺
传统渠道,零食店,鱼干
传统渠道,零食店,肉松
传统渠道,零食店,海苔
传统渠道,零食店,牛板筋
传统渠道,零食店,魔芋素毛肚
传统渠道,零食店,果蔬脆
传统渠道,零食店,巧克力棒
传统渠道,零食店,肉松饼
传统渠道,零食店,威化饼
传统渠道,零食店,葱油饼
传统渠道,零食店,苏打饼
传统渠道,零食店,板栗饼
传统渠道,小吃店,小吃
传统渠道,小吃店,鸭脖
传统渠道,小吃店,鸭舌
传统渠道,小吃店,鸡爪
传统渠道,小吃店,凤爪
传统渠道,小吃店,手抓饼
传统渠道,小吃店,葱油饼
传统渠道,小吃店,烤饼
传统渠道,小吃店,烙饼
传统渠道,小吃店,煎饼
传统渠道,小吃店,鸡蛋饼
传统渠道,小吃店,牛肉饼
传统渠道,小吃店,勺饼
传统渠道,小吃店,臭豆腐
传统渠道,小吃店,卤水
传统渠道,小吃店,卤味
传统渠道,小吃店,鱿鱼
传统渠道,小吃店,熟食
传统渠道,小吃店,豆腐
传统渠道,小吃店,钵钵鸡
传统渠道,小吃店,烤肠
传统渠道,小吃店,香肠
传统渠道,小吃店,卤蛋
传统渠道,小吃店,茶叶蛋
传统渠道,小吃店,煎包
传统渠道,小吃店,糖葫芦
传统渠道,小吃店,烤串
传统渠道,小吃店,肉串
传统渠道,小吃店,红薯
传统渠道,小吃店,地瓜
传统渠道,小吃店,栗子
传统渠道,小吃店,板栗
传统渠道,小吃店,鸭腿
传统渠道,小吃店,鸡腿
传统渠道,小吃店,糍粑
传统渠道,小吃店,蜂蜜
传统渠道,小吃店,炒奶
传统渠道,小吃店,烤奶
传统渠道,小吃店,糯米
传统渠道,小吃店,豆沙
传统渠道,小吃店,炒田螺
传统渠道,小吃店,萝卜
传统渠道,小吃店,牛杂
传统渠道,小吃店,泡馍
传统渠道,小吃店,凉粉
传统渠道,小吃店,汤圆
传统渠道,小吃店,酥饼
传统渠道,小吃店,芝麻
传统渠道,小吃店,锅巴
传统渠道,小吃店,饼卷
传统渠道,小吃店,糯米团
传统渠道,小吃店,枫蹄
传统渠道,小吃店,梨膏
传统渠道,小吃店,丸子
传统渠道,小吃店,鱼蛋
传统渠道,小吃店,酥鸡
传统渠道,小吃店,凉菜
传统渠道,小吃店,素卷
传统渠道,小吃店,酥卷
传统渠道,小吃店,蛋卷
传统渠道,小吃店,米卷
传统渠道,小吃店,米通
传统渠道,小吃店,烧麦
传统渠道,小吃店,糖不甩
传统渠道,小吃店,驴打滚
传统渠道,小吃店,芥末墩
传统渠道,小吃店,糖火烧
传统渠道,小吃店,疙瘩
传统渠道,小吃店,豆儿酱
传统渠道,小吃店,奶酪卷
传统渠道,小吃店,栲栳栳
传统渠道,小吃店,妈拖儿
传统渠道,小吃店,粑粑
传统渠道,小吃店,油茶
传统渠道,小吃店,灌饼
传统渠道,小吃店,饭糕
传统渠道,小吃店,鸭头
传统渠道,小吃店,千子
传统渠道,小吃店,清明粑
传统渠道,小吃店,丝娃娃
传统渠道,小吃店,牛肉干
传统渠道,小吃店,南瓜饼
传统渠道,小吃店,锅贴
传统渠道,小吃店,锅盔
传统渠道,小吃店,牛筋丸
传统渠道,小吃店,烤冷面
传统渠道,小吃店,烧饼
传统渠道,小吃店,饭团
传统渠道,小吃店,酱香饼
传统渠道,小吃店,香酱饼
传统渠道,小吃店,猪扒包
传统渠道,小吃店,炸鸭爪
传统渠道,小吃店,猪杂
传统渠道,小吃店,绿豆饼
传统渠道,小吃店,海苔卷
传统渠道,小吃店,虾滑
传统渠道,小吃店,紫菜包饭
传统渠道,小吃店,鸭货
传统渠道,小吃店,三明治
传统渠道,干货店,干货
传统渠道,干货店,土特产
传统渠道,干货店,海产
传统渠道,干货店,海味
传统渠道,干货店,花胶
传统渠道,干货店,瑶柱
传统渠道,干货店,鲍鱼
传统渠道,干货店,香菇
传统渠道,干货店,木耳
传统渠道,干货店,茶树菇
传统渠道,干货店,红枣
传统渠道,干货店,枸杞
传统渠道,干货店,葡萄干
传统渠道,干货店,干贝
传统渠道,干货店,海参
传统渠道,干货店,人参
传统渠道,干货店,红参
传统渠道,干货店,花椒
传统渠道,干货店,胡椒
传统渠道,干货店,八角
传统渠道,干货店,桂皮
传统渠道,干货店,月桂
传统渠道,干货店,冬虫夏草
传统渠道,干货店,食材
传统渠道,干货店,香料
传统渠道,干货店,蒜头
传统渠道,干货店,姜
传统渠道,干货店,冬菇
传统渠道,干货店,汤料
传统渠道,干货店,药材
传统渠道,干货店,杂粮
传统渠道,干货店,麦类
传统渠道,干货店,豆类
传统渠道,干货店,稻谷类
传统渠道,干货店,玉米类
传统渠道,干货店,玉米片
传统渠道,干货店,燕麦片
传统渠道,干货店,薏米
传统渠道,干货店,红豆
传统渠道,干货店,绿豆
传统渠道,干货店,黄豆
传统渠道,干货店,黑豆
传统渠道,干货店,粉类
传统渠道,干货店,面粉
传统渠道,干货店,淀粉
传统渠道,干货店,玉米粉
传统渠道,干货店,生粉
传统渠道,干货店,腐竹类
传统渠道,干货店,豆皮
传统渠道,干货店,腊肠
传统渠道,干货店,腊肉
传统渠道,干货店,海产干菜
传统渠道,干货店,蔬菜干菜
传统渠道,干货店,紫菜
传统渠道,干货店,海带
传统渠道,干货店,鱿鱼干
传统渠道,干货店,虾米
传统渠道,干货店,糖类
传统渠道,干货店,冰糖
传统渠道,干货店,红糖
传统渠道,干货店,白糖
传统渠道,干货店,红糖粉
传统渠道,干货店,干果
传统渠道,干货店,蜜饯类
传统渠道,干货店,蜂蜜类
传统渠道,干货店,火锅底料
传统渠道,干货店,陈皮
传统渠道,干货店,核桃
传统渠道,干货店,芝麻
传统渠道,烟酒茶店,烟酒
传统渠道,烟酒茶店,酒行
传统渠道,烟酒茶店,酒世界
传统渠道,烟酒茶店,酒庄
传统渠道,烟酒茶店,酒坊
传统渠道,烟酒茶店,酒业
传统渠道,烟酒茶店,啤酒
传统渠道,烟酒茶店,红酒
传统渠道,烟酒茶店,名烟名酒
传统渠道,烟酒茶店,烟行
传统渠道,烟酒茶店,茶行
传统渠道,烟酒茶店,名酒
传统渠道,烟酒茶店,名茶名酒
传统渠道,烟酒茶店,陈年老酒
传统渠道,烟酒茶店,进口酒
传统渠道,烟酒茶店,葡萄酒
传统渠道,烟酒茶店,米酒
传统渠道,烟酒茶店,高粱酒
传统渠道,烟酒茶店,酱酒
传统渠道,烟酒茶店,白酒
传统渠道,烟酒茶店,汾酒
传统渠道,烟酒茶店,洋酒
传统渠道,烟酒茶店,茗茶
传统渠道,烟酒茶店,茶庄
传统渠道,烟酒茶店,茶叶
传统渠道,烟酒茶店,普洱
传统渠道,烟酒茶店,龙井
传统渠道,烟酒茶店,红茶
传统渠道,烟酒茶店,绿茶
传统渠道,烟酒茶店,大红袍
传统渠道,烟酒茶店,铁观音
传统渠道,烟酒茶店,茶业
传统渠道,烟酒茶店,烟茶
传统渠道,烟酒茶店,烟草
传统渠道,烟酒茶店,卷烟
传统渠道,烟酒茶店,茶包
传统渠道,烟酒茶店,酒水
传统渠道,烟酒茶店,酒仓
传统渠道,烟酒茶店,茅台
传统渠道,烟酒茶店,习酒
传统渠道,烟酒茶店,五粮液
传统渠道,烟酒茶店,红高粱
传统渠道,烟酒茶店,九江
传统渠道,烟酒茶店,国窘
传统渠道,烟酒茶店,青花瓷
传统渠道,烟酒茶店,剑南春
传统渠道,烟酒茶店,蓝色经典
传统渠道,烟酒茶店,天之蓝
传统渠道,烟酒茶店,郎酒
传统渠道,烟酒茶店,古井贡酒
传统渠道,烟酒茶店,酒鬼酒
传统渠道,烟酒茶店,张裕CHANGYU
传统渠道,烟酒茶店,长城葡萄酒GREATWALL
传统渠道,烟酒茶店,王朝酒业DYNASTY
传统渠道,烟酒茶店,莫高MOGAO
传统渠道,烟酒茶店,威龙葡萄酒
传统渠道,烟酒茶店,通化TONHWA
传统渠道,烟酒茶店,贺兰山HELANMOUNTAIN
传统渠道,烟酒茶店,尼雅NIYA
传统渠道,烟酒茶店,香格里拉Shangeri-La
传统渠道,烟酒茶店,龙徽DRAGONSEAL
传统渠道,烟酒茶店,古越龙山
传统渠道,烟酒茶店,会稽山
传统渠道,烟酒茶店,石库门
传统渠道,烟酒茶店,塔牌
传统渠道,烟酒茶店,女儿红
传统渠道,烟酒茶店,即墨老酒
传统渠道,烟酒茶店,咸亨酒业
传统渠道,烟酒茶店,沙洲优黄
传统渠道,烟酒茶店,孔乙己
传统渠道,烟酒茶店,和酒
传统渠道,烟酒茶店,RemyMartin人头马
传统渠道,烟酒茶店,Hennessy轩尼诗
传统渠道,烟酒茶店,Martell马爹利
传统渠道,烟酒茶店,Chivas芝华士
传统渠道,烟酒茶店,JohnnieWalker尊尼获加
传统渠道,烟酒茶店,Moet&Chando酩悦
传统渠道,烟酒茶店,Bacardi百加得
传统渠道,烟酒茶店,ABSOLUT绝对伏加特
传统渠道,烟酒茶店,JACKDANIELS
传统渠道,烟酒茶店,Smirnoff斯米诺
传统渠道,烟酒茶店,舍得
传统渠道,烟酒茶店,百年糊涂
传统渠道,烟酒茶店,广东金叶
传统渠道,烟酒茶店,云烟
传统渠道,烟酒茶店,玉溪
传统渠道,烟酒茶店,中华
传统渠道,烟酒茶店,黄鹤楼
传统渠道,烟酒茶店,红塔山
传统渠道,烟酒茶店,娇子
传统渠道,烟酒茶店,芙蓉王香烟
传统渠道,烟酒茶店,利群
传统渠道,烟酒茶店,五叶神
传统渠道,烟酒茶店,南京牌
传统渠道,烟酒茶店,双喜烟
传统渠道,烟酒茶店,黄金叶
传统渠道,烟酒茶店,黄山香烟
传统渠道,烟酒茶店,贵烟
传统渠道,烟酒茶店,苏烟
传统渠道,烟酒茶店,中南海
传统渠道,烟酒茶店,七匹狼香烟
传统渠道,烟酒茶店,真龙香烟
传统渠道,烟酒茶店,泰山香烟
传统渠道,烟酒茶店,红梅烟
传统渠道,烟酒茶店,大红鹰香烟
传统渠道,烟酒茶店,英九红茶
传统渠道,烟酒茶店,英德红茶
传统渠道,烟酒茶店,英红九号
传统渠道,烟酒茶店,英紅九號
传统渠道,烟酒茶店,英红9号
传统渠道,烟酒茶店,西湖龙井
传统渠道,烟酒茶店,武夷山大红袍
传统渠道,烟酒茶店,洞庭碧螺春
传统渠道,烟酒茶店,普洱茶
传统渠道,烟酒茶店,六安瓜片
传统渠道,烟酒茶店,黄山毛峰
传统渠道,烟酒茶店,君山银针
传统渠道,烟酒茶店,安溪铁观音
传统渠道,烟酒茶店,福鼎白茶
传统渠道,烟酒茶店,信阳毛尖
传统渠道,烟酒茶店,祁门红茶
传统渠道,烟酒茶店,庐山云雾茶
传统渠道,烟酒茶店,都匀毛尖
传统渠道,烟酒茶店,大佛龙井
传统渠道,烟酒茶店,安吉白茶
传统渠道,烟酒茶店,蒙顶甘露
传统渠道,烟酒茶店,太平猴魁
传统渠道,水果店,水果
传统渠道,水果店,果业
传统渠道,水果店,水果坊
传统渠道,水果店,鲜果
传统渠道,水果店,果品
传统渠道,水果店,果仓
传统渠道,水果店,果行
传统渠道,肉菜店,生鲜
传统渠道,肉菜店,青菜
传统渠道,肉菜店,蔬菜
传统渠道,肉菜店,菜场
传统渠道,肉菜店,菜店
传统渠道,肉菜店,黑猪
传统渠道,肉菜店,土猪
传统渠道,肉菜店,猪肉
传统渠道,肉菜店,羊肉
传统渠道,肉菜店,牛肉
传统渠道,肉菜店,鸡肉
传统渠道,肉菜店,鸭肉
传统渠道,肉菜店,鹅肉
传统渠道,肉菜店,鸡鸭
传统渠道,肉菜店,猪羊
传统渠道,肉菜店,牛羊
传统渠道,肉菜店,家禽
传统渠道,肉菜店,家畜
传统渠道,肉菜店,放心肉
传统渠道,肉菜店,鲜菜
传统渠道,肉菜店,鲜肉
传统渠道,肉菜店,冻肉
传统渠道,肉菜店,肉菜
传统渠道,肉菜店,菜肉
传统渠道,肉菜店,鸡蛋
传统渠道,肉菜店,生肉
传统渠道,文具店,文具
传统渠道,文具店,办公用品
传统渠道,文具店,办公文体
传统渠道,文具店,文体超市
传统渠道,文具店,文体用品
传统渠道,文具店,文体百货
传统渠道,文具店,文化用品
传统渠道,文具店,办公超市
传统渠道,文具店,学生超市
传统渠道,文具店,学习用品
传统渠道,化妆品店,化妆品
传统渠道,化妆品店,护肤品
传统渠道,化妆品店,美妆
传统渠道,日杂店,塑料
传统渠道,日杂店,饭盒
传统渠道,日杂店,杯子
传统渠道,日杂店,洗护
传统渠道,日杂店,纸巾
传统渠道,日杂店,厨卫
传统渠道,日杂店,窗帘
传统渠道,日杂店,杂货店
传统渠道,日杂店,杂货行
传统渠道,日杂店,杂货铺
传统渠道,日杂店,日杂用品
传统渠道,日杂店,一次性餐具
传统渠道,日杂店,一次性用品
传统渠道,日杂店,床上用品
传统渠道,日杂店,被子
传统渠道,日杂店,蚊帐
传统渠道,日杂店,被褥
传统渠道,日杂店,枕套
传统渠道,日杂店,布艺
传统渠道,日杂店,窗饰
传统渠道,日杂店,灯饰
传统渠道,日杂店,电池
传统渠道,日杂店,袜业
传统渠道,日杂店,袜子
传统渠道,日杂店,棉袜
传统渠道,日杂店,针织袜
传统渠道,日杂店,餐盒
传统渠道,日杂店,帽业
传统渠道,日杂店,窗花
传统渠道,日杂店,餐具
传统渠道,日杂店,拉链
传统渠道,日杂店,指甲刀
传统渠道,日杂店,纽扣
传统渠道,日杂店,饰品
传统渠道,日杂店,皮具
传统渠道,日杂店,桌椅
传统渠道,日杂店,砂锅
传统渠道,日杂店,回力胶
传统渠道,日杂店,箱包
传统渠道,日杂店,饰链
传统渠道,日杂店,钓具
传统渠道,日杂店,洁具
传统渠道,日杂店,棉线
传统渠道,日杂店,筷子
传统渠道,日杂店,毛线
传统渠道,日杂店,粘胶
传统渠道,日杂店,毛绒
传统渠道,日杂店,绳带
传统渠道,日杂店,橡筋
传统渠道,日杂店,墙纸
传统渠道,日杂店,钥匙包
传统渠道,日杂店,胶带
传统渠道,日杂店,针线
传统渠道,日杂店,牌具
传统渠道,日杂店,磨具
传统渠道,日杂店,毛巾
传统渠道,日杂店,牙刷
传统渠道,日杂店,电子秤
传统渠道,日杂店,眼镜
传统渠道,日杂店,太阳伞
传统渠道,日杂店,食具
传统渠道,日杂店,刀具
传统渠道,日杂店,剪刀
传统渠道,日杂店,刀柄
传统渠道,日杂店,刀锯
传统渠道,日杂店,伞业
传统渠道,日杂店,雨具
传统渠道,日杂店,雨伞
传统渠道,日杂店,泳衣
传统渠道,日杂店,皮带
传统渠道,日杂店,椅业
传统渠道,日杂店,椅子
传统渠道,日杂店,胶箱
传统渠道,日杂店,垃圾桶
传统渠道,日杂店,洗涤用品
传统渠道,日杂店,香烛
传统渠道,日杂店,胶袋
传统渠道,日杂店,脸盆
传统渠道,日杂店,水桶
传统渠道,日杂店,肥皂
传统渠道,日杂店,暖水
传统渠道,日杂店,炊事用品
传统渠道,日杂店,装饰用品
传统渠道,日杂店,香皂
传统渠道,日杂店,洗面奶
传统渠道,日杂店,洗具
传统渠道,日杂店,搓澡巾
传统渠道,日杂店,沐浴露
传统渠道,日杂店,洗发露
传统渠道,日杂店,梳子
传统渠道,日杂店,镜子
传统渠道,日杂店,卫生纸
传统渠道,日杂店,洗衣粉
传统渠道,日杂店,闹钟
传统渠道,日杂店,热水袋
传统渠道,日杂店,吹风机
传统渠道,日杂店,劳保用品
传统渠道,日杂店,手套
传统渠道,日杂店,工装
传统渠道,日杂店,鞋帽
传统渠道,日杂店,墩布
传统渠道,日杂店,扫把
传统渠道,日杂店,空气清新剂
传统渠道,日杂店,洗涤灵
传统渠道,日杂店,渔具
传统渠道,日杂店,鱼具
传统渠道,日杂店,日杂商店
传统渠道,日杂店,日杂商行
传统渠道,日杂店,日杂百货
传统渠道,日杂店,日杂综合门市
传统渠道,日杂店,日杂综合商店
传统渠道,日杂店,日杂士多
传统渠道,日杂店,日杂便利店
传统渠道,日杂店,日用品
传统渠道,体育用品店,体育
传统渠道,体育用品店,文体
传统渠道,体育用品店,篮球
传统渠道,体育用品店,足球
传统渠道,体育用品店,羽毛球
传统渠道,玩具店,玩具
传统渠道,书店,书店
传统渠道,书店,书房
传统渠道,书店,图书
传统渠道,书店,书吧
传统渠道,书店,书斋
传统渠道,书店,书舍
传统渠道,书店,书屋
传统渠道,士多,小卖部
传统渠道,士多,小卖铺
传统渠道,士多,小卖店
传统渠道,士多,士多
传统渠道,士多,小店
传统渠道,士多,零售店
传统渠道,士多,便利
传统渠道,士多,商店
传统渠道,士多,商行
传统渠道,士多,食品
传统渠道,士多,饮料
传统渠道,士多,副食
传统渠道,士多,综合门市
传统渠道,小百货,百货
传统渠道,便利超市,超市
传统渠道,便利超市,小超
传统渠道,书报亭,报刊亭
传统渠道,书报亭,书报亭
传统渠道,宠物用品店,猫粮
传统渠道,宠物用品店,狗粮
传统渠道,宠物用品店,鸟粮
传统渠道,宠物用品店,鱼料
传统渠道,宠物用品店,宠物玩具
传统渠道,宠物用品店,宠物用具
传统渠道,宠物用品店,宠物用品
传统渠道,宠物用品店,宠物生活
传统渠道,宠物用品店,爱宠
传统渠道,儿童用品店,儿童玩具
传统渠道,儿童用品店,奶粉
传统渠道,儿童用品店,童装
传统渠道,儿童用品店,儿童辅食
传统渠道,儿童用品店,儿童用具
传统渠道,儿童用品店,童鞋
传统渠道,儿童用品店,婴幼儿用品
传统渠道,儿童用品店,妇婴用品
传统渠道,儿童用品店,儿童百货
传统渠道,儿童用品店,儿童超市
传统渠道,儿童用品店,婴儿用品
传统渠道,儿童用品店,妇婴百货
传统渠道,儿童用品店,儿童用品
传统渠道,儿童用品店,妇幼百货
传统渠道,儿童用品店,童车
传统渠道,儿童用品店,妇幼用品
传统渠道,儿童用品店,婴幼用品
传统渠道,儿童用品店,婴童超市
传统渠道,儿童用品店,纸尿裤
传统渠道,儿童用品店,婴童百货
传统渠道,儿童用品店,母婴百货
传统渠道,儿童用品店,孕婴百货
传统渠道,免税品店,港货
传统渠道,免税品店,免税品
传统渠道,免税品店,免税店
传统渠道,批零,批发
传统渠道,批零,批零
传统渠道,批零,二批
传统渠道,批零,经销部
传统渠道,食杂批发店,副食
传统渠道,食杂批发店,鸡蛋
传统渠道,食杂批发店,蛋品
传统渠道,食杂批发店,米
传统渠道,食杂批发店,花生油
传统渠道,食杂批发店,包点
传统渠道,食杂批发店,粮油
传统渠道,食杂批发店,调料
传统渠道,食杂批发店,调味
传统渠道,食杂批发店,酱料
传统渠道,食杂批发店,蒜头
传统渠道,食杂批发店,姜
传统渠道,食杂批发店,面包
传统渠道,食杂批发店,包子
传统渠道,食杂批发店,甜品
传统渠道,食杂批发店,卤味
传统渠道,食杂批发店,馒头
传统渠道,食杂批发店,手抓饼
传统渠道,食杂批发店,食品
传统渠道,食杂批发店,卤水
传统渠道,食杂批发店,烧腊
传统渠道,食杂批发店,熟食
传统渠道,食杂批发店,粿条
传统渠道,食杂批发店,面条
传统渠道,食杂批发店,米线
传统渠道,食杂批发店,河粉
传统渠道,食杂批发店,食材
传统渠道,食杂批发店,饮料
传统渠道,食杂批发店,零食
传统渠道,食杂批发店,蛋类
传统渠道,日用品批发店,日用品
传统渠道,日用品批发店,塑料
传统渠道,日用品批发店,饭盒
传统渠道,日用品批发店,杯子
传统渠道,日用品批发店,洗护
传统渠道,日用品批发店,纸巾
传统渠道,日用品批发店,厨卫
传统渠道,日用品批发店,窗帘
传统渠道,日用品批发店,杂货店
传统渠道,日用品批发店,杂货行
传统渠道,日用品批发店,杂货铺
传统渠道,日用品批发店,日杂用品
传统渠道,日用品批发店,生活用品
传统渠道,日用品批发店,一次性用品
传统渠道,日用品批发店,床上用品
传统渠道,日用品批发店,被子
传统渠道,日用品批发店,蚊帐
传统渠道,日用品批发店,被褥
传统渠道,日用品批发店,枕套
传统渠道,日用品批发店,布艺
传统渠道,日用品批发店,窗饰
传统渠道,日用品批发店,灯饰
传统渠道,日用品批发店,电池
传统渠道,日用品批发店,袜业
传统渠道,日用品批发店,袜子
传统渠道,日用品批发店,棉袜
传统渠道,日用品批发店,针织
传统渠道,日用品批发店,餐盒
传统渠道,日用品批发店,帽业
传统渠道,日用品批发店,窗花
传统渠道,日用品批发店,餐具
传统渠道,日用品批发店,拉链
传统渠道,日用品批发店,指甲刀
传统渠道,日用品批发店,纽扣
传统渠道,日用品批发店,饰品
传统渠道,日用品批发店,皮具
传统渠道,日用品批发店,桌椅
传统渠道,日用品批发店,砂锅
传统渠道,日用品批发店,回力胶
传统渠道,日用品批发店,箱包
传统渠道,日用品批发店,饰链
传统渠道,日用品批发店,钓具
传统渠道,日用品批发店,洁具
传统渠道,日用品批发店,棉线
传统渠道,日用品批发店,筷子
传统渠道,日用品批发店,毛线
传统渠道,日用品批发店,粘胶
传统渠道,日用品批发店,毛绒
传统渠道,日用品批发店,绳带
传统渠道,日用品批发店,橡筋
传统渠道,日用品批发店,墙纸
传统渠道,日用品批发店,钥匙包
传统渠道,日用品批发店,胶带
传统渠道,日用品批发店,针线
传统渠道,日用品批发店,牌具
传统渠道,日用品批发店,磨具
传统渠道,日用品批发店,毛巾
传统渠道,日用品批发店,牙刷
传统渠道,日用品批发店,电子秤
传统渠道,日用品批发店,眼镜
传统渠道,日用品批发店,太阳伞
传统渠道,日用品批发店,食具
传统渠道,日用品批发店,刀具
传统渠道,日用品批发店,剪刀
传统渠道,日用品批发店,刀柄
传统渠道,日用品批发店,刀锯
传统渠道,日用品批发店,伞业
传统渠道,日用品批发店,雨具
传统渠道,日用品批发店,雨伞
传统渠道,日用品批发店,泳衣
传统渠道,日用品批发店,皮带
传统渠道,日用品批发店,椅业
传统渠道,日用品批发店,椅子
传统渠道,日用品批发店,胶箱
传统渠道,日用品批发店,垃圾桶
传统渠道,日用品批发店,洗涤用品
传统渠道,日用品批发店,香烛
传统渠道,日用品批发店,胶袋
传统渠道,日用品批发店,脸盆
传统渠道,日用品批发店,水桶
传统渠道,日用品批发店,肥皂
传统渠道,日用品批发店,暖水
传统渠道,日用品批发店,炊事用品
传统渠道,日用品批发店,装饰用品
传统渠道,日用品批发店,香皂
传统渠道,日用品批发店,洗面奶
传统渠道,日用品批发店,洗具
传统渠道,日用品批发店,搓澡巾
传统渠道,日用品批发店,沐浴露
传统渠道,日用品批发店,洗发露
传统渠道,日用品批发店,梳子
传统渠道,日用品批发店,镜子
传统渠道,日用品批发店,卫生纸
传统渠道,日用品批发店,洗衣粉
传统渠道,日用品批发店,闹钟
传统渠道,日用品批发店,热水袋
传统渠道,日用品批发店,吹风机
传统渠道,日用品批发店,劳保用品
传统渠道,日用品批发店,手套
传统渠道,日用品批发店,工装
传统渠道,日用品批发店,鞋帽
传统渠道,日用品批发店,墩布
传统渠道,日用品批发店,扫把
传统渠道,日用品批发店,空气清新剂
传统渠道,日用品批发店,洗涤灵
传统渠道,日用品批发店,快餐用品
传统渠道,日用品批发店,衣服
传统渠道,日用品批发店,厨具
传统渠道,果蔬批发店,水果
传统渠道,果蔬批发店,果业
传统渠道,果蔬批发店,水果坊
传统渠道,果蔬批发店,鲜果
传统渠道,果蔬批发店,果品
传统渠道,果蔬批发店,果仓
传统渠道,果蔬批发店,蔬菜
传统渠道,果蔬批发店,菜场
传统渠道,果蔬批发店,菜店
传统渠道,果蔬批发店,青菜
传统渠道,果蔬批发店,农家菜
传统渠道,生鲜批发店,鱼
传统渠道,生鲜批发店,虾
传统渠道,生鲜批发店,蟹
传统渠道,生鲜批发店,黑猪
传统渠道,生鲜批发店,土猪
传统渠道,生鲜批发店,猪肉
传统渠道,生鲜批发店,羊肉
传统渠道,生鲜批发店,牛肉
传统渠道,生鲜批发店,鸡肉
传统渠道,生鲜批发店,鸭肉
传统渠道,生鲜批发店,鹅肉
传统渠道,生鲜批发店,鸡鸭
传统渠道,生鲜批发店,猪羊
传统渠道,生鲜批发店,牛羊
传统渠道,生鲜批发店,家禽
传统渠道,生鲜批发店,家畜
传统渠道,生鲜批发店,冻鲜
传统渠道,生鲜批发店,水产
传统渠道,生鲜批发店,生蚝
传统渠道,生鲜批发店,龟鳖
传统渠道,生鲜批发店,水鱼
传统渠道,生鲜批发店,海鲜
传统渠道,生鲜批发店,热带鱼
传统渠道,生鲜批发店,泥鳅
传统渠道,生鲜批发店,大闸蟹
传统渠道,生鲜批发店,海蜇
传统渠道,生鲜批发店,海鱼
传统渠道,生鲜批发店,牛蛙
传统渠道,冻品批发店,冻品
传统渠道,冻品批发店,鸡翅
传统渠道,冻品批发店,肉丸
传统渠道,冻品批发店,饺子
传统渠道,冻品批发店,云吞
传统渠道,冻品批发店,混沌
传统渠道,冻品批发店,鱼丸
传统渠道,冻品批发店,速冻
传统渠道,冻品批发店,冻肉
传统渠道,冻品批发店,冷冻
传统渠道,冻品批发店,雪糕
传统渠道,冻品批发店,冰淇淋
传统渠道,冻品批发店,海鲜
传统渠道,冻品批发店,酸奶
传统渠道,冻品批发店,冰鲜
传统渠道,冻品批发店,澳洲和牛
传统渠道,冻品批发店,冷饮
传统渠道,烟酒茶批发店,烟酒
传统渠道,烟酒茶批发店,烟茶
传统渠道,烟酒茶批发店,酒行
传统渠道,烟酒茶批发店,茗茶
传统渠道,烟酒茶批发店,酒世界
传统渠道,烟酒茶批发店,酒庄
传统渠道,烟酒茶批发店,茶庄
传统渠道,烟酒茶批发店,酒坊
传统渠道,烟酒茶批发店,酒业
传统渠道,烟酒茶批发店,啤酒
传统渠道,烟酒茶批发店,红酒
传统渠道,烟酒茶批发店,洋酒
传统渠道,烟酒茶批发店,烟草
传统渠道,烟酒茶批发店,茶叶
传统渠道,烟酒茶批发店,普洱
传统渠道,烟酒茶批发店,龙井
传统渠道,烟酒茶批发店,红茶
传统渠道,烟酒茶批发店,绿茶
传统渠道,烟酒茶批发店,大红袍
传统渠道,烟酒茶批发店,铁观音
传统渠道,烟酒茶批发店,陈年老酒
传统渠道,烟酒茶批发店,进口酒
传统渠道,烟酒茶批发店,葡萄酒
传统渠道,烟酒茶批发店,米酒
传统渠道,烟酒茶批发店,高粱酒
传统渠道,烟酒茶批发店,酱酒
传统渠道,烟酒茶批发店,白酒
传统渠道,烟酒茶批发店,汾酒
传统渠道,烟酒茶批发店,酒水
传统渠道,烟酒茶批发店,茶具
传统渠道,烟酒茶批发店,茶盘
传统渠道,烟酒茶批发店,茶包
传统渠道,烟酒茶批发店,茅台
传统渠道,烟酒茶批发店,习酒
传统渠道,烟酒茶批发店,五粮液
传统渠道,烟酒茶批发店,红高粱
传统渠道,烟酒茶批发店,九江
传统渠道,烟酒茶批发店,国窘
传统渠道,烟酒茶批发店,青花瓷
传统渠道,烟酒茶批发店,剑南春
传统渠道,烟酒茶批发店,蓝色经典
传统渠道,烟酒茶批发店,天之蓝
传统渠道,烟酒茶批发店,郎酒
传统渠道,烟酒茶批发店,古井贡酒
传统渠道,烟酒茶批发店,酒鬼酒
传统渠道,烟酒茶批发店,张裕CHANGYU
传统渠道,烟酒茶批发店,长城葡萄酒GREATWALL
传统渠道,烟酒茶批发店,王朝酒业DYNASTY
传统渠道,烟酒茶批发店,莫高MOGAO
传统渠道,烟酒茶批发店,威龙葡萄酒
传统渠道,烟酒茶批发店,通化TONHWA
传统渠道,烟酒茶批发店,贺兰山HELANMOUNTAIN
传统渠道,烟酒茶批发店,尼雅NIYA
传统渠道,烟酒茶批发店,香格里拉Shangeri-La
传统渠道,烟酒茶批发店,龙徽DRAGONSEAL
传统渠道,烟酒茶批发店,古越龙山
传统渠道,烟酒茶批发店,会稽山
传统渠道,烟酒茶批发店,石库门
传统渠道,烟酒茶批发店,塔牌
传统渠道,烟酒茶批发店,女儿红
传统渠道,烟酒茶批发店,即墨老酒
传统渠道,烟酒茶批发店,咸亨酒业
传统渠道,烟酒茶批发店,沙洲优黄
传统渠道,烟酒茶批发店,孔乙己
传统渠道,烟酒茶批发店,和酒
传统渠道,烟酒茶批发店,RemyMartin人头马
传统渠道,烟酒茶批发店,Hennessy轩尼诗
传统渠道,烟酒茶批发店,Martell马爹利
传统渠道,烟酒茶批发店,Chivas芝华士
传统渠道,烟酒茶批发店,JohnnieWalker尊尼获加
传统渠道,烟酒茶批发店,Moet&Chando酩悦
传统渠道,烟酒茶批发店,Bacardi百加得
传统渠道,烟酒茶批发店,ABSOLUT绝对伏加特
传统渠道,烟酒茶批发店,JACKDANIELS
传统渠道,烟酒茶批发店,Smirnoff斯米诺
传统渠道,烟酒茶批发店,广东金叶
传统渠道,烟酒茶批发店,云烟
传统渠道,烟酒茶批发店,玉溪
传统渠道,烟酒茶批发店,中华
传统渠道,烟酒茶批发店,黄鹤楼
传统渠道,烟酒茶批发店,红塔山
传统渠道,烟酒茶批发店,娇子
传统渠道,烟酒茶批发店,芙蓉王香烟
传统渠道,烟酒茶批发店,利群
传统渠道,烟酒茶批发店,五叶神
传统渠道,烟酒茶批发店,南京牌
传统渠道,烟酒茶批发店,双喜烟
传统渠道,烟酒茶批发店,黄金叶
传统渠道,烟酒茶批发店,黄山香烟
传统渠道,烟酒茶批发店,贵烟
传统渠道,烟酒茶批发店,苏烟
传统渠道,烟酒茶批发店,中南海
传统渠道,烟酒茶批发店,七匹狼香烟
传统渠道,烟酒茶批发店,真龙香烟
传统渠道,烟酒茶批发店,泰山香烟
传统渠道,烟酒茶批发店,红梅烟
传统渠道,烟酒茶批发店,大红鹰香烟
传统渠道,烟酒茶批发店,英九红茶
传统渠道,烟酒茶批发店,英德红茶
传统渠道,烟酒茶批发店,英红九号
传统渠道,烟酒茶批发店,英紅九號
传统渠道,烟酒茶批发店,英红9号
传统渠道,烟酒茶批发店,西湖龙井
传统渠道,烟酒茶批发店,武夷山大红袍
传统渠道,烟酒茶批发店,洞庭碧螺春
传统渠道,烟酒茶批发店,普洱茶
传统渠道,烟酒茶批发店,六安瓜片
传统渠道,烟酒茶批发店,黄山毛峰
传统渠道,烟酒茶批发店,君山银针
传统渠道,烟酒茶批发店,安溪铁观音
传统渠道,烟酒茶批发店,福鼎白茶
传统渠道,烟酒茶批发店,信阳毛尖
传统渠道,烟酒茶批发店,祁门红茶
传统渠道,烟酒茶批发店,庐山云雾茶
传统渠道,烟酒茶批发店,都匀毛尖
传统渠道,烟酒茶批发店,大佛龙井
传统渠道,烟酒茶批发店,安吉白茶
传统渠道,烟酒茶批发店,蒙顶甘露
传统渠道,烟酒茶批发店,太平猴魁
现代渠道,自动售卖机,自动售卖机
现代渠道,自动售卖机,自动贩卖机
现代渠道,自动售卖机,自助冰柜
现代渠道,自动售卖机,自贩机
餐饮渠道,早餐店,早餐
餐饮渠道,早餐店,肠粉
餐饮渠道,早餐店,石磨肠
餐饮渠道,早餐店,拉肠
餐饮渠道,早餐店,粥
餐饮渠道,早餐店,包子
餐饮渠道,早餐店,肉包
餐饮渠道,早餐店,灌汤包
餐饮渠道,早餐店,菜包
餐饮渠道,早餐店,鲜包
餐饮渠道,早餐店,馒头
餐饮渠道,早餐店,包点
餐饮渠道,早餐店,小笼包
餐饮渠道,早餐店,奶黄包
餐饮渠道,早餐店,豆沙包
餐饮渠道,早餐店,叉烧包
餐饮渠道,早餐店,流沙包
餐饮渠道,早餐店,韭菜盒子
餐饮渠道,早餐店,煎饺
餐饮渠道,早餐店,韭菜饺
餐饮渠道,早餐店,豆浆
餐饮渠道,早餐店,陈村粉
餐饮渠道,早餐店,粉条
餐饮渠道,早餐店,油条
餐饮渠道,早餐店,烧麦
餐饮渠道,早餐店,茶叶蛋
餐饮渠道,早餐店,糯米鸡
餐饮渠道,早餐店,早点
餐饮渠道,早餐店,粽子
餐饮渠道,非连锁西式快餐店,汉堡
餐饮渠道,非连锁西式快餐店,薯条
餐饮渠道,非连锁西式快餐店,炸鸡
餐饮渠道,非连锁西式快餐店,pizza
餐饮渠道,非连锁西式快餐店,比萨
餐饮渠道,非连锁西式快餐店,披萨
餐饮渠道,非连锁西式快餐店,意粉
餐饮渠道,非连锁西式快餐店,意面
餐饮渠道,非连锁西式快餐店,牛堡
餐饮渠道,非连锁西式快餐店,鸡腿堡
餐饮渠道,非连锁西式快餐店,鸡块
餐饮渠道,非连锁西式快餐店,鸡柳
餐饮渠道,非连锁西式快餐店,奥尔良
餐饮渠道,非连锁西式快餐店,早午餐
餐饮渠道,非连锁西式快餐店,沙拉
餐饮渠道,非连锁西式快餐店,沙司
餐饮渠道,非连锁西式快餐店,西式简餐
餐饮渠道,非连锁西式快餐店,日韩简餐
餐饮渠道,非连锁中式快餐店,米线
餐饮渠道,非连锁中式快餐店,混沌
餐饮渠道,非连锁中式快餐店,云吞
餐饮渠道,非连锁中式快餐店,饺子
餐饮渠道,非连锁中式快餐店,馄饨
餐饮渠道,非连锁中式快餐店,快餐
餐饮渠道,非连锁中式快餐店,煲仔饭
餐饮渠道,非连锁中式快餐店,木桶饭
餐饮渠道,非连锁中式快餐店,烧腊
餐饮渠道,非连锁中式快餐店,烧肉
餐饮渠道,非连锁中式快餐店,腌面
餐饮渠道,非连锁中式快餐店,黄焖鸡
餐饮渠道,非连锁中式快餐店,螺蛳粉
餐饮渠道,非连锁中式快餐店,烤鸭
餐饮渠道,非连锁中式快餐店,烧鸡
餐饮渠道,非连锁中式快餐店,烧鸭
餐饮渠道,非连锁中式快餐店,烧鹅
餐饮渠道,非连锁中式快餐店,烫鸭
餐饮渠道,非连锁中式快餐店,酸辣粉
餐饮渠道,非连锁中式快餐店,肉夹馍
餐饮渠道,非连锁中式快餐店,酱鸭
餐饮渠道,非连锁中式快餐店,抄手
餐饮渠道,非连锁中式快餐店,炒粉
餐饮渠道,非连锁中式快餐店,炒面
餐饮渠道,非连锁中式快餐店,米粉
餐饮渠道,非连锁中式快餐店,河粉
餐饮渠道,非连锁中式快餐店,艇仔粥
餐饮渠道,非连锁中式快餐店,濑粉
餐饮渠道,非连锁中式快餐店,刀削面
餐饮渠道,非连锁中式快餐店,担担面
餐饮渠道,非连锁中式快餐店,摊摊面
餐饮渠道,非连锁中式快餐店,炸酱面
餐饮渠道,非连锁中式快餐店,伊府面
餐饮渠道,非连锁中式快餐店,热干面
餐饮渠道,非连锁中式快餐店,燃面
餐饮渠道,非连锁中式快餐店,胡辣汤
餐饮渠道,非连锁中式快餐店,面皮
餐饮渠道,非连锁中式快餐店,拉面
餐饮渠道,非连锁中式快餐店,凉皮
餐饮渠道,非连锁中式快餐店,烩面
餐饮渠道,非连锁中式快餐店,叉烧
餐饮渠道,非连锁中式快餐店,牛腩
餐饮渠道,非连锁中式快餐店,菜馍
餐饮渠道,非连锁中式快餐店,盐水鸭
餐饮渠道,非连锁中式快餐店,冷面
餐饮渠道,非连锁中式快餐店,卤肉饭
餐饮渠道,非连锁中式快餐店,冒菜
餐饮渠道,非连锁中式快餐店,粿条
餐饮渠道,非连锁中式快餐店,酸菜鱼
餐饮渠道,非连锁中式快餐店,大排档
餐饮渠道,非连锁中式快餐店,牛肉面
餐饮渠道,非连锁中式快餐店,牛肉粉
餐饮渠道,非连锁中式快餐店,面馆
餐饮渠道,非连锁中式快餐店,粉面
餐饮渠道,非连锁中式快餐店,汤面
餐饮渠道,非连锁中式快餐店,面食
餐饮渠道,非连锁中式快餐店,小面
餐饮渠道,非连锁中式快餐店,手工面
餐饮渠道,非连锁中式快餐店,粉馆
餐饮渠道,非连锁中式快餐店,渔粉
餐饮渠道,非连锁中式快餐店,鱼粉
餐饮渠道,非连锁中式快餐店,魚粉
餐饮渠道,非连锁中式快餐店,拌饭
餐饮渠道,非连锁中式快餐店,花甲粉
餐饮渠道,非连锁中式快餐店,猪脚饭
餐饮渠道,非连锁中式快餐店,卤鹅饭
餐饮渠道,非连锁中式快餐店,手撕鸡
餐饮渠道,非连锁中式快餐店,小碗菜
餐饮渠道,非连锁中式快餐店,竹升面
餐饮渠道,非连锁中式快餐店,牛腩粉
餐饮渠道,非连锁中式快餐店,炒饭
餐饮渠道,非连锁中式快餐店,粉铺
餐饮渠道,非连锁中式快餐店,焗饭
餐饮渠道,非连锁中式快餐店,太和板面
餐饮渠道,非连锁中式快餐店,宵夜
餐饮渠道,非连锁中式快餐店,夜宵
餐饮渠道,非连锁中式快餐店,便当
餐饮渠道,非连锁中式快餐店,罐罐面
餐饮渠道,非连锁中式快餐店,小龙虾
餐饮渠道,非连锁中式快餐店,汤粉
餐饮渠道,非连锁中式快餐店,卤肉卷
餐饮渠道,非连锁中式快餐店,笼仔饭
餐饮渠道,非连锁中式快餐店,焖饭
餐饮渠道,非连锁中式快餐店,快炒
餐饮渠道,非连锁中式快餐店,蒸饭
餐饮渠道,非连锁中式快餐店,简餐
餐饮渠道,非连锁中式快餐店,筒骨粉
餐饮渠道,非连锁中式快餐店,炖汤
餐饮渠道,非连锁中式快餐店,麻辣香锅
餐饮渠道,非连锁中式快餐店,排骨饭
餐饮渠道,非连锁中式快餐店,回味鸡
餐饮渠道,非连锁中式快餐店,拐角面
餐饮渠道,非连锁中式快餐店,工作餐
餐饮渠道,非连锁中式快餐店,龙虾饭
餐饮渠道,非连锁中式快餐店,关东煮
餐饮渠道,非连锁中式快餐店,虾皇
餐饮渠道,非连锁中式快餐店,呷米粉
餐饮渠道,非连锁中式快餐店,瓦罉饭
餐饮渠道,非连锁中式快餐店,砍肉粉
餐饮渠道,非连锁中式快餐店,鸭仔饭
餐饮渠道,非连锁中式快餐店,豆花饭
餐饮渠道,非连锁中式快餐店,荤豆花
餐饮渠道,非连锁中式快餐店,瓦罐汤
餐饮渠道,非连锁中式快餐店,汤泡饭
餐饮渠道,非连锁中式快餐店,卤粉
餐饮渠道,非连锁中式快餐店,砂锅粉
餐饮渠道,非连锁中式快餐店,水煮肉片
餐饮渠道,非连锁中式快餐店,砂锅鸡
餐饮渠道,非连锁中式快餐店,油泼面
餐饮渠道,非连锁中式快餐店,花雕鸡
餐饮渠道,非连锁中式快餐店,大碗粉
餐饮渠道,非连锁中式快餐店,大碗面
餐饮渠道,非连锁中式快餐店,蒸笼饭
餐饮渠道,非连锁中式快餐店,窝仔粉
餐饮渠道,非连锁中式快餐店,三鲜粉
餐饮渠道,非连锁中式快餐店,龙虾面
餐饮渠道,非连锁中式快餐店,牛肉炒饭
餐饮渠道,非连锁中式快餐店,凉拌海鲜
餐饮渠道,非连锁中式快餐店,鲍鱼饭
餐饮渠道,非连锁中式快餐店,黄鳝饭
餐饮渠道,非连锁中式快餐店,葱油鸡
餐饮渠道,非连锁中式快餐店,脆皮五花肉
餐饮渠道,非连锁中式快餐店,芝士焗饭
餐饮渠道,非连锁中式快餐店,海鲜面
餐饮渠道,非连锁中式快餐店,小炒肉
餐饮渠道,非连锁中式快餐店,八刀汤
餐饮渠道,非连锁中式快餐店,锅包肉
餐饮渠道,非连锁中式快餐店,田螺鸡
餐饮渠道,非连锁中式快餐店,擂饭
餐饮渠道,非连锁中式快餐店,盖饭
餐饮渠道,非连锁中式快餐店,盖浇饭
餐饮渠道,非连锁中式快餐店,扒饭
餐饮渠道,非连锁中式快餐店,海鲜饭
餐饮渠道,非连锁中式快餐店,鱼蛋粉
餐饮渠道,非连锁中式快餐店,麻辣烫
餐饮渠道,非连锁中式快餐店,潮汕美食
餐饮渠道,非连锁中式快餐店,饭店
餐饮渠道,非连锁中式快餐店,重庆风味
餐饮渠道,非连锁中式快餐店,脆皮鸡饭
餐饮渠道,非连锁中式快餐店,港式点心
餐饮渠道,非连锁中式快餐店,广式点心
餐饮渠道,非连锁中式快餐店,烤肉饭
餐饮渠道,非连锁中式快餐店,砂锅粥
餐饮渠道,非连锁中式快餐店,竹筒饭
餐饮渠道,非连锁中式快餐店,养生汤
餐饮渠道,非连锁中式快餐店,小厨
餐饮渠道,非连锁中式快餐店,炖品
餐饮渠道,非连锁中式快餐店,汤饭
餐饮渠道,非连锁中式快餐店,汤馆
餐饮渠道,非连锁中式快餐店,牛肉汤
餐饮渠道,非连锁中式快餐店,腊鸭
餐饮渠道,非连锁中式快餐店,沙茶面
餐饮渠道,非连锁中式快餐店,牛肉粿
餐饮渠道,非连锁中式快餐店,水饺
餐饮渠道,非连锁中式快餐店,牛骨粉
餐饮渠道,非连锁中式快餐店,牛骨面
餐饮渠道,非连锁中式快餐店,猪蹄饭
餐饮渠道,非连锁中式快餐店,茶点
餐饮渠道,非连锁中式快餐店,老鸭粉丝
餐饮渠道,非连锁中式快餐店,牛丸粉
餐饮渠道,非连锁中式快餐店,蒸菜
餐饮渠道,非连锁中式快餐店,自选餐厅
餐饮渠道,非连锁中式快餐店,肥牛饭
餐饮渠道,非连锁中式快餐店,鹅仔饭
餐饮渠道,非连锁中式快餐店,荷叶饭
餐饮渠道,非连锁中式快餐店,盖码饭
餐饮渠道,非连锁中式快餐店,靓汤
餐饮渠道,非连锁中式快餐店,粿汤
餐饮渠道,非连锁中式快餐店,捆粄
餐饮渠道,非连锁中式快餐店,鱼旦粉
餐饮渠道,非连锁中式快餐店,筒骨鲜粉
餐饮渠道,非连锁中式快餐店,爆肚面
餐饮渠道,非连锁中式快餐店,辣鸡粉
餐饮渠道,非连锁中式快餐店,牛肉饭
餐饮渠道,非连锁中式快餐店,羊肉粉
餐饮渠道,非连锁中式快餐店,鹅肉饭
餐饮渠道,非连锁中式快餐店,滑蛋饭
餐饮渠道,非连锁中式快餐店,蛋包饭
餐饮渠道,非连锁中式快餐店,三汁焖锅
餐饮渠道,连锁中式快餐店,茶餐厅
餐饮渠道,中餐厅,中餐厅
餐饮渠道,中餐厅,客家菜
餐饮渠道,中餐厅,私房菜
餐饮渠道,中餐厅,茶楼
餐饮渠道,中餐厅,酒楼
餐饮渠道,中餐厅,酒家
餐饮渠道,中餐厅,农家菜
餐饮渠道,中餐厅,啤酒鸭
餐饮渠道,中餐厅,川菜
餐饮渠道,中餐厅,湘菜
餐饮渠道,中餐厅,膳食
餐饮渠道,中餐厅,烤鱼
餐饮渠道,中餐厅,猪肚鸡
餐饮渠道,中餐厅,窑鸡
餐饮渠道,中餐厅,农家庄
餐饮渠道,中餐厅,农庄
餐饮渠道,中餐厅,湘潭菜
餐饮渠道,中餐厅,大盘菜
餐饮渠道,中餐厅,钵子菜
餐饮渠道,中餐厅,鸡煲
餐饮渠道,中餐厅,湘味园
餐饮渠道,中餐厅,音乐餐吧
餐饮渠道,中餐厅,纸包鱼
餐饮渠道,中餐厅,鱼铺
餐饮渠道,中餐厅,泡泡鸡
餐饮渠道,中餐厅,牛鞭煲
餐饮渠道,中餐厅,椰子鸡
餐饮渠道,中餐厅,口味鸡
餐饮渠道,中餐厅,碳烤鱼
餐饮渠道,中餐厅,柴火鸡
餐饮渠道,中餐厅,柴火鱼
餐饮渠道,中餐厅,大碗菜
餐饮渠道,中餐厅,卤菜
餐饮渠道,中餐厅,蟹蒸酒
餐饮渠道,中餐厅,石锅鱼
餐饮渠道,中餐厅,蒸鸡
餐饮渠道,中餐厅,竹盐鸡
餐饮渠道,中餐厅,铁板烧
餐饮渠道,中餐厅,九江蟹
餐饮渠道,中餐厅,川湘菜
餐饮渠道,中餐厅,黑土猪
餐饮渠道,中餐厅,火焰鹅
餐饮渠道,中餐厅,叫花鸡
餐饮渠道,中餐厅,羊庄
餐饮渠道,中餐厅,油焖大虾
餐饮渠道,中餐厅,捞鸡
餐饮渠道,中餐厅,乳鸽
餐饮渠道,中餐厅,大盘鱼
餐饮渠道,中餐厅,顺德菜
餐饮渠道,中餐厅,顺德鱼生
餐饮渠道,中餐厅,牛蛙
餐饮渠道,中餐厅,狮头鹅
餐饮渠道,中餐厅,菜馆
餐饮渠道,中餐厅,啫啫煲
餐饮渠道,中餐厅,白切鸡
餐饮渠道,中餐厅,肥肠鱼
餐饮渠道,中餐厅,葡萄鸡
餐饮渠道,中餐厅,黄油蟹
餐饮渠道,中餐厅,驴庄
餐饮渠道,中餐厅,蜗牛鸡
餐饮渠道,中餐厅,虫草鸡
餐饮渠道,中餐厅,鸡煲蟹
餐饮渠道,中餐厅,羊狗煲
餐饮渠道,中餐厅,佛跳墙
餐饮渠道,中餐厅,全牛宴
餐饮渠道,中餐厅,甲汁鱼
餐饮渠道,中餐厅,水煮鱼
餐饮渠道,中餐厅,羊肉馆
餐饮渠道,中餐厅,棒棒鸡
餐饮渠道,中餐厅,牛杂煲
餐饮渠道,中餐厅,牛杂屋
餐饮渠道,中餐厅,家常菜
餐饮渠道,中餐厅,饭馆
餐饮渠道,中餐厅,风味馆
餐饮渠道,中餐厅,粤菜
餐饮渠道,中餐厅,广东菜
餐饮渠道,中餐厅,重庆菜
餐饮渠道,中餐厅,山东菜
餐饮渠道,中餐厅,鲁菜
餐饮渠道,中餐厅,苏菜
餐饮渠道,中餐厅,徽菜
餐饮渠道,中餐厅,皖南菜
餐饮渠道,中餐厅,皖江菜
餐饮渠道,中餐厅,甘肃菜
餐饮渠道,中餐厅,宁夏菜
餐饮渠道,中餐厅,青海菜
餐饮渠道,中餐厅,新疆菜
餐饮渠道,中餐厅,清真菜
餐饮渠道,中餐厅,潮州菜
餐饮渠道,中餐厅,潮菜
餐饮渠道,中餐厅,潮汕菜
餐饮渠道,中餐厅,东江菜
餐饮渠道,中餐厅,湖南菜
餐饮渠道,中餐厅,湘西菜
餐饮渠道,中餐厅,徽州菜
餐饮渠道,中餐厅,鄂菜
餐饮渠道,中餐厅,黑龙江菜
餐饮渠道,中餐厅,吉林菜
餐饮渠道,中餐厅,辽宁菜
餐饮渠道,中餐厅,内蒙古菜
餐饮渠道,中餐厅,河北菜
餐饮渠道,中餐厅,港台菜
餐饮渠道,中餐厅,广州菜
餐饮渠道,中餐厅,广府菜
餐饮渠道,中餐厅,浙菜
餐饮渠道,中餐厅,浙江菜
餐饮渠道,中餐厅,温州菜
餐饮渠道,中餐厅,福州菜
餐饮渠道,中餐厅,皖北菜
餐饮渠道,中餐厅,沪菜
餐饮渠道,中餐厅,福建菜
餐饮渠道,中餐厅,京菜
餐饮渠道,中餐厅,上海菜
餐饮渠道,中餐厅,合肥菜
餐饮渠道,中餐厅,淮南菜
餐饮渠道,中餐厅,湖北菜
餐饮渠道,中餐厅,东北菜
餐饮渠道,中餐厅,西北菜
餐饮渠道,中餐厅,云贵菜
餐饮渠道,中餐厅,河南菜
餐饮渠道,中餐厅,台湾菜
餐饮渠道,中餐厅,鱼锅
餐饮渠道,中餐厅,素食
餐饮渠道,中餐厅,餐馆
餐饮渠道,中餐厅,私厨
餐饮渠道,中餐厅,蛙锅
餐饮渠道,中餐厅,蟹煲
餐饮渠道,中餐厅,海鲜研究所
餐饮渠道,中餐厅,鱼馆
餐饮渠道,中餐厅,鱼庄
餐饮渠道,中餐厅,鹅庄
餐饮渠道,中餐厅,客家王
餐饮渠道,中餐厅,山庄
餐饮渠道,中餐厅,百味鸡
餐饮渠道,中餐厅,紫苏鸡
餐饮渠道,中餐厅,走地鸡
餐饮渠道,中餐厅,清远鸡
餐饮渠道,中餐厅,驴肉馆
餐饮渠道,中餐厅,香辣虾
餐饮渠道,中餐厅,川味馆
餐饮渠道,中餐厅,鸡公煲
餐饮渠道,中餐厅,食府
餐饮渠道,中餐厅,卜卜贝
餐饮渠道,中餐厅,醉鹅
餐饮渠道,中餐厅,农家小炒
餐饮渠道,中餐厅,鱼宴
餐饮渠道,中餐厅,家宴
餐饮渠道,中餐厅,民间菜
餐饮渠道,中餐厅,农家乐
餐饮渠道,中餐厅,龙虾馆
餐饮渠道,中餐厅,酸汤鱼
餐饮渠道,中餐厅,海鲜馆
餐饮渠道,中餐厅,主题餐厅
餐饮渠道,中餐厅,炒菜
餐饮渠道,中餐厅,肉煲
餐饮渠道,中餐厅,特色菜
餐饮渠道,中餐厅,农家鸡
餐饮渠道,中餐厅,土菜
餐饮渠道,中餐厅,农家餐厅
餐饮渠道,中餐厅,鱼虾馆
餐饮渠道,中餐厅,海鲜餐厅
餐饮渠道,中餐厅,鸡锅
餐饮渠道,中餐厅,潮味馆
餐饮渠道,西餐厅,西餐
餐饮渠道,西餐厅,法餐
餐饮渠道,西餐厅,牛扒
餐饮渠道,西餐厅,牛排
餐饮渠道,西餐厅,蜗牛
餐饮渠道,西餐厅,鹅肝
餐饮渠道,西餐厅,法国
餐饮渠道,西餐厅,墨西哥
餐饮渠道,西餐厅,意大利
餐饮渠道,西餐厅,瑞士
餐饮渠道,西餐厅,俄国
餐饮渠道,西餐厅,葡萄牙
餐饮渠道,西餐厅,西班牙
餐饮渠道,西餐厅,德国
餐饮渠道,西餐厅,巴西
餐饮渠道,西餐厅,英国
餐饮渠道,西餐厅,英格兰
餐饮渠道,西餐厅,美国
餐饮渠道,西餐厅,法式
餐饮渠道,西餐厅,意式
餐饮渠道,西餐厅,英式
餐饮渠道,西餐厅,德式
餐饮渠道,西餐厅,美式
餐饮渠道,西餐厅,俄式
餐饮渠道,西餐厅,莫斯科红菜汤
餐饮渠道,西餐厅,莫斯科烤鱼
餐饮渠道,日韩餐厅,泡菜
餐饮渠道,日韩餐厅,寿司
餐饮渠道,日韩餐厅,刺身
餐饮渠道,日韩餐厅,三文鱼
餐饮渠道,日韩餐厅,日本
餐饮渠道,日韩餐厅,韩国
餐饮渠道,日韩餐厅,日式
餐饮渠道,日韩餐厅,韩式
餐饮渠道,日韩餐厅,韓式
餐饮渠道,日韩餐厅,日料
餐饮渠道,日韩餐厅,韩料
餐饮渠道,日韩餐厅,韩日料理
餐饮渠道,日韩餐厅,日韩料理
餐饮渠道,日韩餐厅,居酒屋
餐饮渠道,日韩餐厅,韩餐
餐饮渠道,日韩餐厅,韩食
餐饮渠道,日韩餐厅,寿喜锅
餐饮渠道,东南亚餐厅,泰国
餐饮渠道,东南亚餐厅,泰式
餐饮渠道,东南亚餐厅,越南
餐饮渠道,东南亚餐厅,越式
餐饮渠道,东南亚餐厅,印度
餐饮渠道,东南亚餐厅,印尼
餐饮渠道,东南亚餐厅,东南亚
餐饮渠道,东南亚餐厅,泰菜
餐饮渠道,东南亚餐厅,泰餐
餐饮渠道,烧烤店,烧烤
餐饮渠道,烧烤店,烤肉
餐饮渠道,烧烤店,BBQ
餐饮渠道,烧烤店,串吧
餐饮渠道,烧烤店,烤吧
餐饮渠道,烧烤店,烤串
餐饮渠道,烧烤店,烤工坊
餐饮渠道,烧烤店,烤羊
餐饮渠道,烧烤店,碳烤
餐饮渠道,烧烤店,烤派
餐饮渠道,烧烤店,烤兔
餐饮渠道,烧烤店,炸串
餐饮渠道,火锅店,火锅
餐饮渠道,火锅店,串串香
餐饮渠道,火锅店,涮羊肉
餐饮渠道,自助餐,自助
餐饮渠道,食堂,食堂
餐饮渠道,食堂,饭堂
餐饮渠道,面包店,蛋糕
餐饮渠道,面包店,面包
餐饮渠道,面包店,烘焙
餐饮渠道,面包店,糕饼
餐饮渠道,面包店,糕点
餐饮渠道,面包店,蛋挞
餐饮渠道,面包店,核桃酥
餐饮渠道,面包店,马蹄糕
餐饮渠道,面包店,红糖糕
餐饮渠道,面包店,提拉米苏
餐饮渠道,面包店,甜甜圈
餐饮渠道,面包店,曲奇
餐饮渠道,面包店,榴莲酥
餐饮渠道,面包店,苹果派
餐饮渠道,面包店,菠萝派
餐饮渠道,面包店,香芋派
餐饮渠道,面包店,奶黄派
餐饮渠道,面包店,红豆派
餐饮渠道,面包店,泡芙
餐饮渠道,面包店,黑森林
餐饮渠道,面包店,红丝绒
餐饮渠道,面包店,慕斯
餐饮渠道,面包店,慕思
餐饮渠道,面包店,木司
餐饮渠道,面包店,舒芙蕾
餐饮渠道,面包店,松饼
餐饮渠道,面包店,千层饼
餐饮渠道,面包店,欧姆蛋卷
餐饮渠道,面包店,蛋黄酥
餐饮渠道,面包店,莲茸酥
餐饮渠道,面包店,干果派
餐饮渠道,面包店,松糕
餐饮渠道,面包店,酥条
餐饮渠道,面包店,多纳圈
餐饮渠道,面包店,布朗尼
餐饮渠道,面包店,牛角包
餐饮渠道,面包店,袋子包
餐饮渠道,面包店,洋葱包
餐饮渠道,面包店,农夫包
餐饮渠道,面包店,全麦包
餐饮渠道,面包店,法棍
餐饮渠道,面包店,吐司
餐饮渠道,面包店,月饼
餐饮渠道,面包店,起司
餐饮渠道,面包店,烘培
餐饮渠道,面包店,西饼
餐饮渠道,甜品店,甜品
餐饮渠道,甜品店,雪糕
餐饮渠道,甜品店,冰淇淋
餐饮渠道,甜品店,甜点
餐饮渠道,甜品店,糖水
餐饮渠道,甜品店,雪蛤
餐饮渠道,甜品店,冰糖燕窝
餐饮渠道,甜品店,双皮奶
餐饮渠道,甜品店,姜撞奶
餐饮渠道,甜品店,豆腐花
餐饮渠道,甜品店,龟苓膏
餐饮渠道,甜品店,绿豆沙
餐饮渠道,甜品店,红豆沙
餐饮渠道,甜品店,芝麻糊
餐饮渠道,甜品店,芝麻汤圆
餐饮渠道,甜品店,花生糊
餐饮渠道,甜品店,梳乎厘
餐饮渠道,甜品店,西米露
餐饮渠道,甜品店,布甸
餐饮渠道,甜品店,杨枝甘露
餐饮渠道,甜品店,砵仔糕
餐饮渠道,甜品店,鸡蛋仔
餐饮渠道,甜品店,班戟
餐饮渠道,甜品店,草饼
餐饮渠道,甜品店,和菓子
餐饮渠道,甜品店,窝蛋奶
餐饮渠道,甜品店,银耳木瓜
餐饮渠道,甜品店,银耳炖木瓜
餐饮渠道,甜品店,水晶冻
餐饮渠道,甜品店,香橙糕
餐饮渠道,甜品店,雪花酪
餐饮渠道,甜品店,五果汤
餐饮渠道,甜品店,核桃糊
餐饮渠道,甜品店,芋汤
餐饮渠道,甜品店,赤豆汤
餐饮渠道,甜品店,糖冬瓜
餐饮渠道,甜品店,牛奶炖
餐饮渠道,甜品店,马卡龙
餐饮渠道,甜品店,雪媚娘
餐饮渠道,甜品店,大幅
餐饮渠道,甜品店,冰霜
餐饮渠道,甜品店,银耳羹
餐饮渠道,甜品店,椰子冰
餐饮渠道,甜品店,芋圆
餐饮渠道,休闲茶饮店,鲜奶
餐饮渠道,休闲茶饮店,凉茶
餐饮渠道,休闲茶饮店,奶茶
餐饮渠道,休闲茶饮店,饮品
餐饮渠道,休闲茶饮店,果茶
餐饮渠道,休闲茶饮店,冷饮
餐饮渠道,休闲茶饮店,果汁
餐饮渠道,休闲茶饮店,奶昔
餐饮渠道,休闲茶饮店,刨冰
餐饮渠道,休闲茶饮店,冰沙
餐饮渠道,休闲茶饮店,茶饮
餐饮渠道,休闲茶饮店,柠檬茶
餐饮渠道,休闲茶饮店,烧仙草
餐饮渠道,休闲茶饮店,拉茶
餐饮渠道,休闲茶饮店,饮吧
餐饮渠道,休闲茶饮店,茶馆
餐饮渠道,咖啡厅,咖啡
餐饮渠道,咖啡厅,Coffee
餐饮渠道,咖啡厅,猫咖
餐饮渠道,咖啡厅,COFFEE
餐饮渠道,咖啡厅,CoFFEE
医药渠道,宠物医院,宠物医院
医药渠道,宠物医院,动物诊所
医药渠道,宠物医院,宠物诊疗
医药渠道,宠物医院,动物诊疗
医药渠道,宠物医院,宠医
医药渠道,康复中心,康复中心
医药渠道,康复中心,康复理疗
医药渠道,康复中心,康复调理
医药渠道,康复中心,康复保健
医药渠道,独立药店,药房
医药渠道,独立药店,药店
特通渠道,宾馆酒店,酒店
特通渠道,宾馆酒店,旅馆
特通渠道,宾馆酒店,旅社
特通渠道,宾馆酒店,宾馆
特通渠道,宾馆酒店,度假村
特通渠道,宾馆酒店,招待所
传统渠道,送水站,水站
传统渠道,送水站,水店
传统渠道,送水站,桶装水
传统渠道,送水站,水商行
传统渠道,送水站,水超市
传统渠道,送水站,纯水配送中心
传统渠道,送水站,饮水部
特通渠道,月子中心,月子中心
特通渠道,月子中心,月子会所
特通渠道,月子中心,母婴成长中心
特通渠道,月子中心,母婴护理中心
特通渠道,月子中心,月子庄园
特通渠道,母婴用品店,母婴
特通渠道,母婴用品店,爱婴
特通渠道,母婴用品店,奶粉
特通渠道,母婴用品店,孕婴
特通渠道,母婴用品店,妈咪
特通渠道,母婴用品店,婴儿用品
特通渠道,母婴用品店,妇婴
特通渠道,母婴用品店,妇幼
特通渠道,母婴用品店,宝贝
特通渠道,母婴用品店,宝宝
特通渠道,母婴用品店,baby
特通渠道,母婴用品店,婴童
特通渠道,母婴用品店,婴儿
特通渠道,母婴用品店,婴妇
特通渠道,母婴用品店,妈妈
特通渠道,母婴用品店,孕妈
特通渠道,母婴用品店,母婴超市
特通渠道,母婴用品店,妇婴超市
传统渠道,洗衣店,干洗
传统渠道,洗衣店,洗染
特通渠道,博彩,彩票
特通渠道,博彩,博彩
特通渠道,夜总会,夜总会
特通渠道,舞厅,舞厅
特通渠道,舞厅,舞吧
特通渠道,舞厅,迪厅
特通渠道,KTV,KTV
特通渠道,网吧,网吧
特通渠道,网吧,网咖
特通渠道,网吧,游戏厅
特通渠道,网吧,电玩
特通渠道,网吧,网游
特通渠道,网吧,电竞
特通渠道,网吧,刷夜
特通渠道,酒吧,酒吧
特通渠道,酒吧,夜店
特通渠道,酒吧,酒馆
特通渠道,酒吧,酒屋
特通渠道,酒吧,BAR
特通渠道,酒吧,啤酒
特通渠道,酒吧,清吧
特通渠道,酒吧,重吧
特通渠道,洗浴棋牌室,棋牌
特通渠道,洗浴棋牌室,麻将
特通渠道,洗浴棋牌室,洗浴
特通渠道,洗浴棋牌室,推拿
特通渠道,洗浴棋牌室,足疗
特通渠道,洗浴棋牌室,按摩
特通渠道,洗浴棋牌室,沐足
特通渠道,洗浴棋牌室,养生SPA
特通渠道,影剧院,影剧院
特通渠道,影剧院,影院
特通渠道,影剧院,影城
特通渠道,影剧院,电影
特通渠道,公众体育场馆,体育馆
特通渠道,公众体育场馆,体育园
特通渠道,公众体育场馆,体育中心
特通渠道,公众体育场馆,体育运动中心
特通渠道,公众体育场馆,运动空间
特通渠道,公众体育场馆,工体
特通渠道,公众体育场馆,运动场
特通渠道,公众体育场馆,运动馆
特通渠道,公众体育场馆,体育场
特通渠道,公众体育场馆,健身馆
特通渠道,公众体育场馆,健身会所
特通渠道,公众体育场馆,健身基地
特通渠道,公众体育场馆,健身培训
特通渠道,公众体育场馆,羽毛球场
特通渠道,公众体育场馆,羽毛球馆
特通渠道,公众体育场馆,网羽中心
特通渠道,公众体育场馆,足球场
特通渠道,公众体育场馆,篮球场
特通渠道,公众体育场馆,篮球俱乐部
特通渠道,公众体育场馆,保龄球馆
特通渠道,公众体育场馆,保龄球场
特通渠道,公众体育场馆,保龄球俱乐部
特通渠道,公众体育场馆,足球营地
特通渠道,公众体育场馆,高尔夫会所
特通渠道,公众体育场馆,高尔夫球场
特通渠道,公众体育场馆,高尔夫俱乐部
特通渠道,公众体育场馆,壁球馆
特通渠道,公众体育场馆,壁球场
特通渠道,公众体育场馆,壁球俱乐部
特通渠道,公众体育场馆,乒乓球馆
特通渠道,公众体育场馆,乒乓球场
特通渠道,公众体育场馆,乒乓球俱乐部
特通渠道,公众体育场馆,乒乓球培训
特通渠道,公众体育场馆,网球场
特通渠道,公众体育场馆,网球馆
特通渠道,公众体育场馆,网球俱乐部
特通渠道,公众体育场馆,射箭馆
特通渠道,公众体育场馆,射箭场
特通渠道,公众体育场馆,射箭俱乐部
特通渠道,公众体育场馆,弓矢俱乐部
特通渠道,公众体育场馆,游泳馆
特通渠道,公众体育场馆,游泳池
特通渠道,公众体育场馆,游泳俱乐部
特通渠道,公众体育场馆,游泳培训
特通渠道,公众体育场馆,冰场
特通渠道,公众体育场馆,攀岩
特通渠道,公众体育场馆,塞车
特通渠道,公众体育场馆,跆拳道
特通渠道,公众体育场馆,空手道
特通渠道,公众体育场馆,滑冰场
特通渠道,公众体育场馆,溜冰场
特通渠道,公众体育场馆,滑冰俱乐部
特通渠道,公众体育场馆,溜冰俱乐部
特通渠道,公众体育场馆,轮滑场
特通渠道,公众体育场馆,轮滑俱乐部
特通渠道,公众体育场馆,轮滑馆
特通渠道,公众体育场馆,游泳健身
特通渠道,公众体育场馆,水训运动馆
特通渠道,公众体育场馆,潜水中心
特通渠道,公众体育场馆,球馆
特通渠道,公众体育场馆,球俱乐部
特通渠道,公众体育场馆,球场
特通渠道,公众体育场馆,球培训
特通渠道,公众体育场馆,球营地
特通渠道,公众体育场馆,运动俱乐部
特通渠道,公众体育场馆,健身俱乐部
特通渠道,公众体育场馆,瘦身中心
特通渠道,公众体育场馆,运动工作室
特通渠道,公众体育场馆,健身中心
特通渠道,公众体育场馆,体育俱乐部
特通渠道,公众体育场馆,健身生活馆
特通渠道,公众体育场馆,健身工作室
特通渠道,公众体育场馆,瑜伽
特通渠道,公众体育场馆,健身游泳
特通渠道,公众体育场馆,搏击俱乐部
特通渠道,公众体育场馆,桌球城
